{"val/loss": 0.0011657365830615163, "val/mae": 0.024835577234625816, "val/mae_best": 0.024835577234625816, "epoch": 1, "trainer/global_step": 709, "_timestamp": 1680718370.5154393, "_runtime": 419.944402217865, "_step": 3, "train/loss": 0.0015646055107936263, "train/mae": 0.02920902892947197}