{"val/image": {"_type": "image-file", "sha256": "21ee2fdf4e87590db75bcd2fc80461f7a6755fdd0169a49d79d7c9762d38b70a", "size": 648606, "path": "media/images/val/image_129_21ee2fdf4e87590db75b.png", "format": "png", "width": 1810, "height": 228}, "_timestamp": 1681223340.9458168, "_runtime": 655.2477476596832, "_step": 132, "val/loss": 0.0004421758058015257, "val/mae": 0.013934941031038761, "val/mae_best": 0.013934941031038761, "epoch": 60, "trainer/global_step": 21325, "train/loss": 0.00024416978703811765, "train/mae": 0.0113497544080019, "test/loss": 0.00047686637844890356, "test/mae": 0.014426295645534992, "_wandb": {"runtime": 654}}